﻿鄉鎮市區,交易標的,土地位置建物門牌,土地移轉總面積平方公尺,都市土地使用分區,非都市土地使用分區,非都市土地使用編定,交易日期,總價,單價元平方公尺,車位類別,車位移轉總面積平方公尺,車位總價元,備註,編號,主建物面積,附屬建物面積,陽台面積,電梯,移轉編號
南投市,住宅,中山路一段100號,100,住宅區,,,2024-01-01,20000000.0,20000,機械式,12,500000,,1,80,20,10,1,1001
南投市,商業,建國路200號,150,商業區,農業區,農用,2024-02-01,30000000.0,25000,平面式,18,800000,無,2,120,30,15,0,1002
草屯鎮,住宅,南路500號,200,住宅區,森林區,森林用,2024-03-01,30000000.0,18000,,0,0,無,3,100,25,8,1,1003
集集鎮,商業,和平路40號,50,商業區,,農用,2024-04-01,50000000.0,22000,機械式,15,1000000,,4,60,10,5,0,1004
南投市,住宅,民生路22號,120,住宅區,農業區,農用,2024-05-01,30000000.0,21000,平面式,10,600000,無,5,110,15,12,1,1005
